{"cameraMode":{"drawMode":0,"name":"Shaded","section":"Shading Mode"},"sceneLighting":false,"audioPlay":false,"sceneViewState":{"showFog":true,"showMaterialUpdate":false,"showSkybox":false,"showFlares":true,"showImageEffects":true,"showParticleSystems":true},"in2DMode":false,"pivot":{"x":-9.207196235656739,"y":-0.47521302103996279,"z":2.8050413131713869},"rotation":{"x":0.10469436645507813,"y":-0.046227652579545978,"z":0.004872056655585766,"w":0.9934210777282715},"size":46.575477600097659,"orthographic":false}