{"cameraMode":{"drawMode":0,"name":"Shaded","section":"Shading Mode"},"sceneLighting":true,"audioPlay":false,"sceneViewState":{"showFog":true,"showMaterialUpdate":false,"showSkybox":true,"showFlares":true,"showImageEffects":true,"showParticleSystems":true},"in2DMode":false,"pivot":{"x":0.6529183387756348,"y":-2.777057409286499,"z":19.352083206176759},"rotation":{"x":0.10245248675346375,"y":0.67769455909729,"z":-0.09619346261024475,"w":0.7217934131622315},"size":3.824247121810913,"orthographic":false}